304.24210971525343,0.5509624060344828
303.242162883611,0.5529263314917128
302.2265636057094,0.5547501217391305
301.32917417328935,0.5565587965517241
300.39913568911345,0.5583890373913044
299.2930889423077,0.5600374953846154
296.7687609863281,0.561984668
298.5460327996148,0.5637855416666667
297.6854034720115,0.5655398611650485
296.71128861276725,0.5673743536842105
295.9594106573808,0.5691874147368421
295.1812904932166,0.5709726548387096
294.29579146866945,0.5727674494845361
293.54077646683675,0.5745904030612246
292.73267094775883,0.5763970101010101
291.90373245393386,0.5782045757575758
291.0807228489926,0.5799602368421052
290.4259382394644,0.5817709557692308
289.61176284478637,0.5836028806122449
288.7391394412879,0.5853936676767677
288.01028193259725,0.5872008581632653
287.1792376016833,0.5889949164948454
286.37618515171954,0.5908053340206185
285.63933532714844,0.592624209
284.7584976688508,0.594435359139785
284.01165933811916,0.5961790563829787
283.24471090297504,0.5979769808080808
282.40965239855706,0.5998130387755102
281.64081251006763,0.6016132618556701
280.818159142319,0.6034201295918367
280.02593994140625,0.6052167030612244
279.236590385437,0.6070137447916667
278.4186297544499,0.6088005164948453
277.7017971739477,0.6106132142857142
276.8565254211426,0.6124000333333334
276.03464299982244,0.6141963535353535
275.2558512784997,0.6160157867346938
274.43288964340366,0.6178106134020619
273.66012884646045,0.6196214051020408
272.8559243338449,0.6214264224489796
272.08207277907536,0.6232325618556701
271.23739592562015,0.6250114350515464
270.4857504060953,0.626830799009901
269.67551854713673,0.6286519721649484
268.8311679486147,0.6304257731958762
268.08481852213544,0.6322370404040404
267.28624135440157,0.6340247556701031
266.4329510313092,0.6358270383838384
265.6052719751994,0.637610834375
264.9394839447324,0.6394178851485148
264.10990556081134,0.6412174895833334
263.229207558207,0.6430150366336634
262.4445922228755,0.6448350051020408
261.6317886352539,0.6466470820000001
260.8558060164304,0.6484578546391753
259.98613516489667,0.6502107885416667
259.28559965245864,0.6520325823529413
258.4773276646932,0.6538421645833333
257.5901480193185,0.6556489455445546
256.7788957418855,0.6574671020618557
256.027793190696,0.6592555292929293
255.2177725127249,0.6610724979797981
254.33936738967896,0.6628413895833333
253.64188018798828,0.66464561
252.7751498413086,0.666459835
251.9930911593967,0.6682599131313132
251.129972361555,0.6700705434343435
250.36868548152424,0.671868905050505
249.51090448552912,0.6736735464646465
248.7134850752981,0.6754376073684211
248.00364255442202,0.6772568106796116
247.1045594507334,0.6790826275510204
246.29423767089844,0.680878182
245.48266383579798,0.6826847857142857
244.6976581920277,0.6844723515151515
243.86256591796874,0.686280796
243.00535806020102,0.6880464437499999
242.32676889364,0.6898437708737863
241.41278943828507,0.6916903176470588
240.62291632758246,0.6935026272727273
239.80951081863557,0.6952989777777777
238.94855676516138,0.6970817656565657
238.15964797973632,0.6988852950000001
237.35217051603357,0.7006613081632652
236.55789895659512,0.7024789058252427
235.72967991684422,0.7042998818181818
234.86799220846157,0.7060860424242424
234.09761470379215,0.7078974594059406
233.2479977416992,0.70969816
232.462734338009,0.7114950080808081
231.64163389300356,0.713291295049505
230.7927978515625,0.715105313
230.00271251948192,0.7168893989898989
229.1291303912413,0.7186996116504855
228.3523545698686,0.7205195959595959
227.46996774478833,0.7222658653061225
226.7454668191763,0.7240892442307693
225.91227188110352,0.725915333
225.06377176719135,0.7277116376237625
224.27494360476123,0.7294914459183673
223.3494666172908,0.7312938701923077
222.56100189208985,0.73312613
221.76144545149094,0.7349164306930692
220.90929306030273,0.736721358
220.10923648574976,0.7385227805825243
219.23326419098208,0.7403147363636363
218.45781137410876,0.7421171126213592
217.5995719909668,0.743922823
216.79607872824067,0.745729281553398
215.9630670830755,0.7475324574257426
215.11492935180664,0.749319187
214.33669475480622,0.7511124470588235
213.36254608154297,0.75289786
212.72632554861215,0.754712725
211.78877048866423,0.7565314794117647
210.98227094895768,0.7583248188118812
210.11805211580716,0.7601341778846155
209.32962559718712,0.7619558882352941
208.4237986649617,0.763756307920792
207.64305692506068,0.7655412097087378
206.78000476313574,0.7673482068627451
205.99809339934706,0.7691387950980392
205.13186808465753,0.7709501058252427
204.29898947536356,0.7727447653465347
203.41944914882623,0.7745374805825243
202.62450845959117,0.7763436708737864
201.76803903018728,0.7781387509803921
200.94168134416853,0.7799508533333334
200.10816801437224,0.7817456757575758
199.22672409784226,0.7835417523809524
198.40018119064032,0.7853470696078431
197.62330830891926,0.7871629409523809
196.69961474491998,0.7889851567307692
195.83715729666227,0.79077839009901
195.07500707186185,0.792571760576923
194.20246339075774,0.7943672038834951
193.3587077613016,0.7961618922330097
192.53663781973032,0.7979689298076923
191.59397574032053,0.7997679147058824
190.81959504627045,0.8015776619047619
189.97200930697247,0.8033753485436893
189.12294936407181,0.8051756885714285
188.31445385160902,0.8069855323809524
187.34928579891428,0.8087841205882352
186.6020680941068,0.8105757480769231
185.65736051706168,0.8123696596153847
184.9174564906529,0.8141855942857144
184.03408352833873,0.8160035066037735
183.06029621605734,0.8178025155339805
182.35489095052083,0.8195995847619048
181.44731837681363,0.821402239047619
180.54481447090222,0.8231925883495145
179.7264376420241,0.8249677567307692
178.91227524368853,0.8267795333333333
178.00041110698993,0.8285986576923077
177.1621525844681,0.8304012523364487
176.30865641473565,0.8321939601941748
175.36744319582448,0.8339685281553398
174.65925542658024,0.8357832990909091
173.69682223980243,0.8376160451923076
172.86476513090588,0.8393938342857142
171.97961382595997,0.8411906037735848
171.070462006789,0.8429975942307693
170.29956704598885,0.8447950342592593
169.4129094984925,0.8466074388349514
168.53083887640037,0.8483862047169812
167.66388486466317,0.8501973858490566
166.72365243094308,0.8520062152380953
165.97521796593298,0.8537917923076923
164.972820210007,0.8555970405660377
164.25314288273037,0.8574225691588785
163.24479428245908,0.8592315038095238
162.40430098313553,0.8610256903846154
161.61175818582183,0.8628096932038835
160.65025372371494,0.8646163074766355
159.81101888020834,0.8664450304761905
158.84702960264335,0.8682404058252428
158.07765138496472,0.8700190728155339
157.17954354915977,0.8718084811320754
156.31868533179875,0.8736245247619048
155.45912530287256,0.8754396698113207
154.61601716569325,0.8772178145631068
153.59565370892167,0.8790253467889909
152.81270181907797,0.8808382339622641
151.94919103219968,0.882643942201835
151.01321525217216,0.8844539878504674
150.13175565060055,0.8862568598130841
149.20719691685267,0.8880367009523809
148.38715453541607,0.8898346027522935
147.4888280695135,0.8916375745454546
146.55780156453451,0.8934183703703703
145.73048009281663,0.8952281513274336
144.8208211263021,0.8970455189189189
143.87292437283497,0.8988139132075472
143.04107427182404,0.9006164626086957
142.04601322208438,0.9024309180180181
141.21208371249114,0.9042135263636364
140.4031876997514,0.9059984318181818
139.3625164689689,0.9078303603448276
138.50880768102243,0.909639809174312
137.54877785273962,0.9114337866071428
136.6810428074428,0.9132393758928572
135.77811690620754,0.9150518217391305
134.86406398463893,0.9168703117117116
133.89323063900596,0.9186711298245614
133.11651432621588,0.9204584135135135
132.0172233919127,0.9222589469026549
131.21200939617324,0.9240582469026549
130.365343617127,0.9258513115044247
129.2569465299623,0.9276731141592921
128.45698972718907,0.9294530061946903
127.49799786583851,0.9312658805084746
126.6101553099496,0.9331046508928571
125.67007764733356,0.9348816139130435
124.67446041951138,0.9366619548672567
123.86101299783458,0.9384789626086956
122.87166891426875,0.9402711939655173
121.90352048371967,0.9420658719298245
121.08040467624006,0.9438809025862069
120.17926843316705,0.945646445945946
119.04501003689236,0.9474157606837607
118.28224296569825,0.9492582166666667
117.3240352499074,0.9510732896551725
116.2230343735009,0.9528444657894738
115.50101332231002,0.9546638107438017
114.48567314485533,0.9564588221238939
113.46818579697027,0.9582694154471545
112.58734259084493,0.9601234588235295
111.59781579804002,0.9619069342105263
110.600010075845,0.9636990297520661
109.60774065100628,0.9654888930434783
108.81631139981545,0.9672576059322034
107.77350031945014,0.9690911693548387
106.75928643268088,0.9708880452173914
105.92448264021215,0.9726683577235773
104.78683534732535,0.9745335289256198
103.90845213817948,0.9763133084033613
102.92615632929353,0.978054623076923
101.95487058162689,0.979892309375
100.96269912719727,0.9817299025
100.03254344545562,0.9834813293103448
98.99953903314722,0.9852869969465649
98.02810762749344,0.9871558098360655
97.09870122060055,0.9889045000000001
95.94141683270854,0.9906833943548388
95.13207522843236,0.9925183891472867
94.07722684715976,0.9943236050420169
93.02009792778436,0.9961029748031496
92.033901307641,0.9979108691056912
91.05645282451923,0.9997289769230768
90.05544591143848,1.0015476829268293
89.04980536430112,1.0033254193548387
87.97099703834171,1.0050990555555557
87.13550831721379,1.006901023076923
85.91206792395884,1.0087458503937008
84.98932125061516,1.0105402913385826
83.93097773606215,1.0122925447154472
82.93610934357145,1.0140908208955224
81.92099732619066,1.0159467384615386
80.86878257989883,1.0177493125
79.86495808608659,1.019526251908397
78.75185580516424,1.021317622047244
77.81837364580991,1.0231506115107913
76.71337969340975,1.02497823015873
75.61162703784544,1.0267501641791044
74.62174582102942,1.0285380317460318
73.60595809712129,1.030313830882353
72.58778875014362,1.0321532794117647
71.38235947580048,1.0339920151515152
70.42926539796771,1.0357794696969698
69.38808748703595,1.0375358372093024
68.26033359103732,1.0393119925925927
67.27939628318504,1.0411330444444444
66.18055786355569,1.0429869708029198
65.14799118041992,1.0447628307692307
64.00992326256183,1.0465689424460431
62.98354084330394,1.0483800225563908
61.95166873192602,1.0501313100775194
60.910939031177094,1.051953451388889
59.736920752892125,1.0538028
58.73464027460474,1.0555628467153284
57.69817241270151,1.0573559552238807
56.588115834478124,1.0591470223880597
55.59564809238209,1.0609378235294118
54.526556856491986,1.0627405735294118
53.45468077019079,1.0645309179104478
52.36638110024588,1.0663556714285714
51.31635234666907,1.068178956521739
50.193575487069204,1.0699850283687942
49.1453463700566,1.0717600145985402
48.03375039973729,1.073529690140845
46.94192841178492,1.0753775460526316
45.74787160795029,1.077210301369863
44.62340713191677,1.0789907905405407
43.44645656462639,1.080779206451613
42.23296078549156,1.08261067721519
41.046947404935764,1.0844154805194806
39.83143826597225,1.086206304347826
38.603184730775894,1.088005858064516
37.41561510593076,1.0897681012658227
36.20792681786322,1.091580670967742
35.028909114812386,1.0934057748344372
33.924995584690826,1.0951999645390071
32.88572103060209,1.0969638461538462
31.88774860523365,1.0987791703703702
30.91416295369466,1.1006473675213675
30.045419432900168,1.102400909090909
29.233256349109467,1.1041499428571429
28.453227864633693,1.1060133366336633
27.732307719088148,1.1078036551724137
27.09475270713248,1.1095792195121952
26.508943792891827,1.111388109589041
25.997327712274366,1.1131935967741935
25.55457093580714,1.1149841320754716
25.187264590793184,1.1167723777777778
24.869755293193617,1.1185739736842106
24.604579405351117,1.120412303030303
24.384116099430965,1.1222001153846153
24.18268159719614,1.1239903461538463
24.006666092645553,1.1257633333333334
23.846959114074707,1.1275711363636363
23.687072954679792,1.1294004210526314
23.545134494179173,1.1312397894736843
23.42284393310547,1.1330625
23.30302340189616,1.1348064
23.183458201090495,1.1365970666666667
23.07398727961949,1.1384632857142856
22.993433793385822,1.1402466666666666
22.889466212346004,1.1420167692307692
22.78340768814087,1.1438620833333333
22.71017615000407,1.145656
22.612022876739502,1.1474636666666667
22.527972481467508,1.1492158181818182
22.433824062347412,1.1509965833333333
22.356067657470703,1.1528215
22.249008019765217,1.1546553333333334
22.18230326970418,1.1564865833333333
22.083355816927824,1.1582474545454546
21.996362686157227,1.1600451538461538
21.9073560888117,1.161826818181818
21.820421805748573,1.1635621538461538
21.71479768019456,1.1654448461538462
21.62712918795072,1.1672915384615385
21.548583507537842,1.1690344166666666
21.442661012922013,1.1708135
21.330305916922434,1.1726636428571429
21.241095679146902,1.174455
21.143791607448033,1.1762276428571428
21.033558019002278,1.177999
20.934053897857666,1.179866375
20.825354131062827,1.1817008666666666
20.71146869659424,1.1834685
20.602982913746555,1.185288882352941
20.490766525268555,1.187051875
20.387615203857422,1.1888617222222222
20.270479202270508,1.1906504736842105
20.144629459381104,1.19264624
20.036775852771516,1.1942233936170212
19.940879917144777,1.19601015
19.822859089548995,1.1978186829268291
19.70347704206194,1.1996376
19.586704042222763,1.2014446666666667
19.46656748827766,1.2032657647058824
19.349942375631894,1.2050578529411764
19.23165158664479,1.2068700588235295
19.11382952603427,1.2086539696969698
18.994922076954563,1.2104543235294118
18.874741929950137,1.2122719696969697
18.757621187152285,1.214082484848485
18.635350082859848,1.215883515151515
18.517160058021545,1.21768953125
18.39719870596221,1.2195023636363636
18.277251151300245,1.2213304838709675
18.159535131146832,1.2231135161290323
18.040832459926605,1.22490425
17.921759605407715,1.2267043000000002
17.806604262321226,1.2284784516129033
17.686822460543723,1.2302714193548385
17.56634577582864,1.2321064411764706
17.447550998014563,1.2339614117647058
17.33345217023577,1.2357120285714285
17.21713594709124,1.2374875142857142
17.102812318240893,1.2392784705882354
16.98576627458845,1.2410871428571428
16.86784620846019,1.2429257352941177
16.75231696620132,1.2447290303030305
16.638344519478935,1.2465215714285716
16.524089813232422,1.2483342857142856
16.411479669458725,1.2501199411764705
16.299690188783586,1.2518963333333333
16.186591765459845,1.2537017352941175
16.076414227485657,1.2554988125
15.965394079685211,1.257298375
15.85054725408554,1.25913303125
15.739254411061605,1.2609542333333332
15.629134114583334,1.2627384333333334
15.520141631364822,1.264553125
15.412020010106703,1.2663522058823529
15.303060671862434,1.268152588235294
15.195439757370368,1.2699620975609756
15.094446341196695,1.2717206041666667
14.988286601172554,1.273511
14.882755517959595,1.2753151944444445
14.778342326482138,1.277117111111111
14.673698372311062,1.27893375
14.569081851414271,1.2807756285714285
14.46730226789202,1.2825651714285715
14.367580384919137,1.2843427575757576
14.268806621006556,1.2861159142857144
14.168033908395206,1.2879178235294118
14.067495945521763,1.2897487428571428
13.969349629951246,1.2915358484848485
13.873193067662855,1.2933191764705882
13.774579811096192,1.2951504285714286
13.6783487200737,1.2969385625
13.584173231413871,1.2987258181818182
13.488480307839133,1.3005268484848485
13.394809462807395,1.302336303030303
13.299707586115057,1.304153181818182
13.207904279232025,1.30594959375
13.116481723207416,1.3077674545454545
13.025109227498373,1.3095473
12.935735847010758,1.3113330303030302
12.84373015165329,1.3131748125
12.756790860493977,1.3149472333333334
12.667653517289596,1.3167561212121213
12.579319349924724,1.3185801666666668
12.492521127065023,1.3203385666666667
12.406942829009026,1.322144870967742
12.320349201079338,1.3239640322580644
12.233928140004476,1.3257827
12.150948969523112,1.3275685333333334
12.066861060357862,1.3293945161290324
11.982857290903727,1.3312100666666666
11.902340616498675,1.3329865357142856
11.821633688608806,1.3347615333333331
11.738450686136881,1.3365954
11.65875457895213,1.3384041379310345
11.580496174948555,1.3401844285714286
11.502149318826609,1.3419528965517242
11.423455715179443,1.3437595714285713
11.344755445207868,1.3455702857142857
11.267640011651176,1.3473642857142856
11.19078288759504,1.349194107142857
11.113744347183793,1.3509756666666666
11.038382700511388,1.3527553214285715
10.962174313408989,1.3545837857142857
10.887661491121564,1.3564068571428571
10.813936343559853,1.3582045384615387
10.740707079569498,1.3599895555555557
10.66595356804984,1.3618295357142858
10.593138291285587,1.3636341538461538
10.522046760276512,1.365405962962963
10.450004542315448,1.3672226666666665
10.379519921761972,1.3690162222222222
10.30866054388193,1.3708121923076924
10.24018669128418,1.3726031153846152
10.168482709814,1.374427
10.099956665039063,1.37624032
10.034351309140524,1.377972125
9.96869389216105,1.3797591111111112
9.899709364947151,1.381583411764706
9.83228999376297,1.3834400625
9.76749849319458,1.3852354285714286
9.702495829264324,1.3869975333333333
9.629848820822579,1.3888400714285714
9.572165855994593,1.3905603846153847
9.50484987894694,1.3923833333333335
9.43413103543795,1.3942312307692306
9.378400462014335,1.3960176428571427
9.307817322867256,1.3978535714285714
9.249228795369467,1.3996304166666667
9.193622929709298,1.401401142857143
9.1236199537913,1.4031802500000001
9.06453616278512,1.4049613571428572
9.000984411973219,1.4068453076923078
8.938154660738432,1.4086513846153845
8.883283395033617,1.4104186153846154
8.824761050088066,1.4122551428571428
8.762428723848783,1.4140453076923076
8.706687246050153,1.4158283571428572
8.641861695509691,1.417660923076923
8.59023959820087,1.4193898461538461
8.529072965894427,1.421187357142857
8.473775386810303,1.4230684285714286
8.414432661873954,1.4249297857142857
8.359382849473219,1.4266763076923077
8.30450611114502,1.4283941333333334
8.25078171491623,1.4302264375
8.192920088768005,1.4320376875
8.138528029123941,1.4338367777777778
8.084896935356987,1.4356467222222222
8.030888739086333,1.437452761904762
7.975018047151112,1.4393151904761905
7.923125529289246,1.441047
7.871308760209517,1.4428316363636364
7.816933345794678,1.4446613
7.763983149277537,1.4464554210526315
7.711904239654541,1.4482547000000001
7.661241102218628,1.45005265
7.607310247421265,1.4518426
7.555581212043762,1.4536706499999998
7.502654302687872,1.4555234285714287
7.451212978363037,1.4573467
7.398962861015683,1.4591179047619047
7.350665265863592,1.4609037727272727
7.29986588160197,1.4627059999999998
7.2489190101623535,1.464496681818182
7.200915296872457,1.4662460416666667
7.149756145477295,1.46809956
7.098347053527832,1.46990916
7.050633029937744,1.47166752
7.000377796314381,1.4734537777777776
6.948370424906413,1.4753647333333333
6.900376944314866,1.477106357142857
6.852030685969761,1.4788921142857143
6.803190360198149,1.4806751081081082
6.753733841148582,1.4824903783783785
6.705632168906075,1.4842543428571429
6.655758482037169,1.4860923636363634
6.606841191649437,1.48791740625
6.559197966257731,1.4896614
6.5119858533144,1.49141190625
6.463038831949234,1.493255625
6.413189453237197,1.4950653529411766
6.365661187605425,1.4968441515151516
6.315800666809082,1.49868996
6.264743271995993,1.5005847941176471
6.217525216249319,1.5023637692307692
6.172575967652457,1.5040158035714286
6.120762467384338,1.505887875
6.0739008358546664,1.50777
6.023388624191284,1.5094974642857142
5.969025905315693,1.5115361794871796
5.924691392414606,1.5132097910447762
5.876538498760903,1.514967410958904
5.826376204397164,1.516833568627451
5.781053463617961,1.5184808055555556
5.732750377957783,1.520262761904762
5.68173002700011,1.5221291770833334
5.631442235362146,1.523970112903226
5.584598824381828,1.52569059375
5.535453612987812,1.5274759615384617
5.485850189043128,1.5292871739130436
5.434486210346222,1.5311499583333334
5.385903254799221,1.532930043478261
5.336465813896873,1.534710681818182
5.2865652441978455,1.5365184166666666
5.235028076171875,1.5383596800000001
5.185078579446544,1.5401669130434783
5.136986823309035,1.5419219523809524
5.086530481066022,1.543713238095238
5.037093465978449,1.5455039545454545
4.985037212371826,1.54732788
4.9324884215990705,1.5491625833333333
4.881539987481159,1.5509371304347825
4.831340031190352,1.5527447272727273
4.778158768363621,1.5545561739130436
4.727137767351591,1.5563358076923077
4.675478087531196,1.5581255925925928
4.62313554763794,1.55991768
4.570300786391549,1.561704043478261
4.516624512879745,1.563543304347826
4.462949971357982,1.5653440833333334
4.408600630583586,1.5671615555555556
4.35369133066248,1.568996148148148
4.300321254730225,1.57073556
4.244627281471535,1.5725668518518519
4.188669763762375,1.5743505172413794
4.131707997157656,1.5761424827586206
4.073987245559692,1.5779700333333333
4.017385745870656,1.5797482068965516
3.9582035816632786,1.5815432692307694
3.8984994292259216,1.5833606785714287
3.8382002076795025,1.5851722903225807
3.7767673219953264,1.5869949714285714
3.7158282292194857,1.588791
3.65578267492097,1.5905265172413794
3.5907937411604256,1.5923716896551723
3.525402307510376,1.5942078857142856
3.461334160396031,1.5959854571428571
3.3958776938287834,1.597786
3.330907851457596,1.59954721875
3.2620344394590797,1.6013880975609758
3.1950701314049796,1.603181
3.1263888812646634,1.604969926829268
3.058167406490871,1.606745761904762
2.984553575515747,1.6086335862068966
2.9142804020329525,1.6104043684210527
2.84595787525177,1.6121148035714286
2.771738739900811,1.6139410232558138
2.6973950759224268,1.6157670217391304
2.6203401522202925,1.6175982954545454
2.5385202169418335,1.619509655172414
2.4647708377059625,1.6211953877551022
2.3850640700413632,1.622978641025641
2.299295425415039,1.624861239130435
2.2091849816812053,1.6267524999999998
2.1308103101006868,1.6283484482758621
2.0289972831332492,1.6303268095238095
